task_id,dataset_name,regime,tipo,model,split,auc_ovo,acc,g_mean,ce,time_seconds,error
363621,blood-transfusion-service-center,pequeno,binario,mambular,test,0.7628330084470435,0.7911111111111111,0.464461512319644,0.4663523019342542,231.47,
363621,blood-transfusion-service-center,pequeno,binario,mambular,train,0.7554875090953189,0.7992351816443595,0.5402394644557663,0.4661691839100427,231.47,
363621,blood-transfusion-service-center,pequeno,binario,lightgbm,test,0.7504331817197314,0.7955555555555556,0.5314456522212696,0.4758628872532032,2.1,
363621,blood-transfusion-service-center,pequeno,binario,lightgbm,train,0.8192052712426228,0.8221797323135756,0.6196971660197944,0.4191960018889361,2.1,
363621,blood-transfusion-service-center,pequeno,binario,catboost,test,0.7767489711934157,0.7733333333333333,0.4406514562209142,0.4745369434296732,13.71,
363621,blood-transfusion-service-center,pequeno,binario,catboost,train,0.774678632064031,0.8107074569789675,0.5313367105477899,0.4647323309353733,13.71,
363621,blood-transfusion-service-center,pequeno,binario,xgboost,test,0.759367554689192,0.7733333333333333,0.4214314951328213,0.473632924581096,2.0,
363621,blood-transfusion-service-center,pequeno,binario,xgboost,train,0.7884125636672326,0.8049713193116634,0.529278587730074,0.4496380465049893,2.0,
363621,blood-transfusion-service-center,pequeno,binario,autogluon_default,test,0.7687892570933507,0.7688888888888888,0.1924500897298752,0.4785140757943912,3.0,
363621,blood-transfusion-service-center,pequeno,binario,autogluon_default,train,0.7723239550489127,0.7667304015296367,0.1270001270001905,0.4746794058003099,3.0,
363621,blood-transfusion-service-center,pequeno,binario,autogluon_extreme,test,0.7796188000866364,0.7955555555555556,0.5602143839151393,0.4570908751616054,954.86,
363621,blood-transfusion-service-center,pequeno,binario,autogluon_extreme,train,0.7677965073975261,0.8164435946462715,0.6172461458706126,0.4537945198208862,954.86,
363629,diabetes,pequeno,binario,mambular,test,0.8492181069958848,0.7792207792207793,0.7596295393394316,0.4633518399532776,433.85,
363629,diabetes,pequeno,binario,mambular,train,0.8373720397249809,0.7746741154562383,0.7613164586366077,0.480541113335338,433.85,
363629,diabetes,pequeno,binario,lightgbm,test,0.8451851851851852,0.7445887445887446,0.6703601390665935,0.4591030820256666,2.48,
363629,diabetes,pequeno,binario,lightgbm,train,0.978411000763942,0.9199255121042832,0.903604529599598,0.2725998144192326,2.48,
363629,diabetes,pequeno,binario,catboost,test,0.8634567901234567,0.7575757575757576,0.6666666666666666,0.4466965318795992,25.87,
363629,diabetes,pequeno,binario,catboost,train,0.9275935828877004,0.8417132216014898,0.7922080426805199,0.3757507984393805,25.87,
363629,diabetes,pequeno,binario,xgboost,test,0.8504526748971193,0.7532467532467533,0.6582805886043833,0.4599062667384253,3.21,
363629,diabetes,pequeno,binario,xgboost,train,0.9502368220015278,0.8677839851024208,0.8316137082904862,0.3538515410247675,3.21,
363629,diabetes,pequeno,binario,autogluon_default,test,0.8483127572016461,0.7489177489177489,0.6497862896539309,0.4569085511574159,3.67,
363629,diabetes,pequeno,binario,autogluon_default,train,0.9788540870893812,0.9422718808193667,0.9271806002857363,0.2592841584937533,3.67,
363629,diabetes,pequeno,binario,autogluon_extreme,test,0.8613168724279835,0.7705627705627706,0.6912147117775908,0.4470448759011698,2729.58,
363629,diabetes,pequeno,binario,autogluon_extreme,train,0.8893659281894576,0.8007448789571695,0.7418927747514587,0.4135745862993707,2729.58,
363614,anneal,pequeno,multiclasse,mambular,test,,,,,358.54,"CUDA out of memory. Tried to allocate 608.00 MiB. GPU 0 has a total capacity of 11.49 GiB of which 326.81 MiB is free. Process 55615 has 28.09 MiB memory in use. Process 76522 has 47.34 MiB memory in use. Process 94971 has 47.59 MiB memory in use. Including non-PyTorch memory, this process has 10.02 GiB memory in use. Of the allocated memory 9.76 GiB is allocated by PyTorch, and 54.88 MiB is reserved by PyTorch but unallocated. If reserved but unallocated memory is large try setting PYTORCH_CUDA_ALLOC_CONF=expandable_segments:True to avoid fragmentation.  See documentation for Memory Management  (https://pytorch.org/docs/stable/notes/cuda.html#environment-variables)"
363614,anneal,pequeno,multiclasse,lightgbm,test,0.9998422330097088,0.9962962962962963,0.9990272355121966,0.0234232192513732,37.37,
363614,anneal,pequeno,multiclasse,lightgbm,train,1.0,1.0,1.0,5.941076537673109e-06,37.37,
363614,anneal,pequeno,multiclasse,mambular,test,,,,,367.24,"CUDA out of memory. Tried to allocate 608.00 MiB. GPU 0 has a total capacity of 11.49 GiB of which 421.69 MiB is free. Including non-PyTorch memory, this process has 10.02 GiB memory in use. Process 25190 has 23.59 MiB memory in use. Process 25342 has 15.09 MiB memory in use. Process 27293 has 72.22 MiB memory in use. Of the allocated memory 9.76 GiB is allocated by PyTorch, and 54.88 MiB is reserved by PyTorch but unallocated. If reserved but unallocated memory is large try setting PYTORCH_CUDA_ALLOC_CONF=expandable_segments:True to avoid fragmentation.  See documentation for Memory Management  (https://pytorch.org/docs/stable/notes/cuda.html#environment-variables)"
363614,anneal,pequeno,multiclasse,catboost,test,1.0,0.9962962962962963,0.8705505632961241,0.0155504559870622,102.43,
363614,anneal,pequeno,multiclasse,catboost,train,1.0,1.0,1.0,0.0004139235638001,102.43,
363614,anneal,pequeno,multiclasse,xgboost,test,0.9997572815533982,0.9925925925925926,0.8697037226233125,0.021158783560994,6.8,
363614,anneal,pequeno,multiclasse,xgboost,train,1.0,1.0,1.0,0.0119569502867927,6.8,
363614,anneal,pequeno,multiclasse,mambular,test,,,,,360.25,"CUDA out of memory. Tried to allocate 608.00 MiB. GPU 0 has a total capacity of 11.49 GiB of which 188.56 MiB is free. Process 25190 has 23.59 MiB memory in use. Process 25342 has 15.09 MiB memory in use. Process 27293 has 66.85 MiB memory in use. Including non-PyTorch memory, this process has 10.02 GiB memory in use. Of the allocated memory 9.76 GiB is allocated by PyTorch, and 54.88 MiB is reserved by PyTorch but unallocated. If reserved but unallocated memory is large try setting PYTORCH_CUDA_ALLOC_CONF=expandable_segments:True to avoid fragmentation.  See documentation for Memory Management  (https://pytorch.org/docs/stable/notes/cuda.html#environment-variables)"
363614,anneal,pequeno,multiclasse,autogluon_default,test,0.9998786407766992,0.9962962962962963,0.8705505632961241,0.060326906654245,134.07,
363614,anneal,pequeno,multiclasse,autogluon_default,train,0.99999252839211,0.998407643312102,0.9995812393840896,0.0552211264800238,134.07,
363614,anneal,pequeno,multiclasse,mambular,test,,,,,388.42,"CUDA out of memory. Tried to allocate 608.00 MiB. GPU 0 has a total capacity of 11.49 GiB of which 653.75 MiB is free. Process 25190 has 26.84 MiB memory in use. Process 25342 has 15.09 MiB memory in use. Process 27293 has 72.72 MiB memory in use. Process 138091 has 47.59 MiB memory in use. Process 4610 has 14.59 MiB memory in use. Process 93573 has 212.16 MiB memory in use. Including non-PyTorch memory, this process has 8.79 GiB memory in use. Process 184804 has 47.59 MiB memory in use. Of the allocated memory 8.55 GiB is allocated by PyTorch, and 26.88 MiB is reserved by PyTorch but unallocated. If reserved but unallocated memory is large try setting PYTORCH_CUDA_ALLOC_CONF=expandable_segments:True to avoid fragmentation.  See documentation for Memory Management  (https://pytorch.org/docs/stable/notes/cuda.html#environment-variables)"
363614,anneal,pequeno,multiclasse,autogluon_extreme,test,1.0,1.0,1.0,0.0221405338746853,7096.25,
363614,anneal,pequeno,multiclasse,autogluon_extreme,train,1.0,1.0,1.0,0.0156429058405095,7096.25,
363626,credit-g,medio,binario,mambular,test,0.7655026455026455,0.79,0.7134386511780175,0.5813160271866777,1406.77,
363626,credit-g,medio,binario,mambular,train,0.8989018464528669,0.8271428571428572,0.7802219912852567,0.359260563044434,1406.77,
363626,credit-g,medio,binario,lightgbm,test,0.7748677248677249,0.75,0.5931710140017395,0.511948116627837,4.48,
363626,credit-g,medio,binario,lightgbm,train,0.9286394557823128,0.85,0.7664617125801602,0.3698556940294423,4.48,
363626,credit-g,medio,binario,catboost,test,0.7741798941798942,0.76,0.6047431568147635,0.5750907178553519,40.03,
363626,credit-g,medio,binario,catboost,train,1.0,1.0,1.0,0.0192244647754166,40.03,
363626,credit-g,medio,binario,xgboost,test,0.7546560846560846,0.76,0.6487676555589612,0.5889183033445959,3.43,
363626,credit-g,medio,binario,xgboost,train,1.0,1.0,1.0,0.0625386281938922,3.43,
363626,credit-g,medio,binario,autogluon_default,test,0.8025396825396827,0.78,0.6708203932499369,0.4834836096893641,5.74,
363626,credit-g,medio,binario,autogluon_default,train,0.9827502429543246,0.9514285714285714,0.9268115190462054,0.2275745289855129,5.74,
363626,credit-g,medio,binario,autogluon_extreme,test,0.8095238095238095,0.78,0.6470527402594387,0.4738846394442532,1498.86,
363626,credit-g,medio,binario,autogluon_extreme,train,0.9946355685131196,0.9442857142857144,0.904088542839948,0.2740061156427371,1498.86,
363685,maternal_health_risk,medio,multiclasse,mambular,test,0.8897356898824628,0.6950819672131148,0.6993472835768906,0.6255818734661535,313.71,
363685,maternal_health_risk,medio,multiclasse,mambular,train,0.9303745879532512,0.764456981664316,0.7684868361540625,0.4978434656572685,313.71,
363685,maternal_health_risk,medio,multiclasse,lightgbm,test,0.9431408954569988,0.8459016393442623,0.8432144613915736,0.4536620414825219,9.38,
363685,maternal_health_risk,medio,multiclasse,lightgbm,train,0.991308678874291,0.928067700987306,0.9298207267669574,0.2022754809293485,9.38,
363685,maternal_health_risk,medio,multiclasse,catboost,test,0.9467435797958044,0.8295081967213115,0.8311668893974169,0.4263972782058189,18.08,
363685,maternal_health_risk,medio,multiclasse,catboost,train,0.990113414717495,0.922425952045134,0.9237042649203484,0.2290299958245747,18.08,
363685,maternal_health_risk,medio,multiclasse,xgboost,test,0.9424761448555892,0.8524590163934426,0.8493628447764129,0.4362629337682036,6.16,
363685,maternal_health_risk,medio,multiclasse,xgboost,train,0.9897027874601098,0.92524682651622,0.9261215289639754,0.2444910049234461,6.16,
363685,maternal_health_risk,medio,multiclasse,autogluon_default,test,0.9476273846896884,0.8295081967213115,0.8214768726758646,0.6835677721987609,27.78,
363685,maternal_health_risk,medio,multiclasse,autogluon_default,train,0.9875843808652588,0.9069111424541608,0.9049780393455632,0.5923910593644931,27.78,
363685,maternal_health_risk,medio,multiclasse,autogluon_extreme,test,0.9523840628764996,0.839344262295082,0.8396414758995966,0.4040158568199122,2522.08,
363685,maternal_health_risk,medio,multiclasse,autogluon_extreme,train,0.9926576226676972,0.930888575458392,0.9322212977310372,0.197039918189752,2522.08,
363696,qsar-biodeg,medio,binario,mambular,test,,,,,421.51,"CUDA out of memory. Tried to allocate 656.00 MiB. GPU 0 has a total capacity of 11.49 GiB of which 648.81 MiB is free. Process 25190 has 28.84 MiB memory in use. Process 25342 has 15.09 MiB memory in use. Process 27293 has 76.66 MiB memory in use. Process 4610 has 7.34 MiB memory in use. Including non-PyTorch memory, this process has 9.45 GiB memory in use. Process 518938 has 47.59 MiB memory in use. Of the allocated memory 9.23 GiB is allocated by PyTorch, and 17.25 MiB is reserved by PyTorch but unallocated. If reserved but unallocated memory is large try setting PYTORCH_CUDA_ALLOC_CONF=expandable_segments:True to avoid fragmentation.  See documentation for Memory Management  (https://pytorch.org/docs/stable/notes/cuda.html#environment-variables)"
363696,qsar-biodeg,medio,binario,lightgbm,test,0.9570093457943925,0.9022082018927444,0.8719788584054134,0.2472465216228503,4.16,
363696,qsar-biodeg,medio,binario,lightgbm,train,0.9999587703674384,0.9986431478968792,0.997981834471692,0.0813766823667354,4.16,
363696,qsar-biodeg,medio,binario,catboost,test,0.9575878949710726,0.8990536277602523,0.8637999900358513,0.2574119744326793,60.99,
363696,qsar-biodeg,medio,binario,catboost,train,0.9959842337885084,0.9728629579375848,0.9664450817550638,0.1513333061099923,60.99,
363696,qsar-biodeg,medio,binario,xgboost,test,0.95491766800178,0.9085173501577288,0.873279349595481,0.2511869284180217,4.64,
363696,qsar-biodeg,medio,binario,xgboost,train,0.9982188798733423,0.9769335142469472,0.9673021902577936,0.114000938693172,4.64,
363696,qsar-biodeg,medio,binario,autogluon_default,test,0.955718736092568,0.9022082018927444,0.8659354691662218,0.2539296844849998,4.7,
363696,qsar-biodeg,medio,binario,autogluon_default,train,0.9857180552806912,0.9402985074626866,0.9274422280397536,0.1697324595391684,4.7,
363696,qsar-biodeg,medio,binario,autogluon_extreme,test,0.9533600356030264,0.889589905362776,0.848045476608468,0.2645030610754829,1226.36,
363696,qsar-biodeg,medio,binario,autogluon_extreme,train,0.9830051454581435,0.9240162822252376,0.9019113917595556,0.1936525506671142,1226.36,
363707,website_phishing,medio,multiclasse,mambular,test,0.9680626144283152,0.8793103448275862,0.8690925997776233,0.4086802634169504,522.61,
363707,website_phishing,medio,multiclasse,mambular,train,0.992078551072075,0.9503695881731784,0.957423598236127,0.1358558868451798,522.61,
363707,website_phishing,medio,multiclasse,lightgbm,test,0.9623929361140424,0.8669950738916257,0.7966187712365194,0.3154683822411153,8.97,
363707,website_phishing,medio,multiclasse,lightgbm,train,0.9976665604924128,0.966209081309398,0.9721821098748856,0.1111749388294741,8.97,
363707,website_phishing,medio,multiclasse,catboost,test,0.960206601760254,0.8645320197044335,0.8286153550454958,0.3356131780181303,11.65,
363707,website_phishing,medio,multiclasse,catboost,train,0.998153822724944,0.9704329461457232,0.9787944218991342,0.0953630619217352,11.65,
363707,website_phishing,medio,multiclasse,xgboost,test,0.9645823778219436,0.8694581280788177,0.8208652609558964,0.3103612720673922,5.44,
363707,website_phishing,medio,multiclasse,xgboost,train,0.9978256622680473,0.9683210137275609,0.9733704085575404,0.1175670962052706,5.44,
363707,website_phishing,medio,multiclasse,autogluon_default,test,0.9626693352623787,0.8866995073891626,0.872034796166049,0.6567049157194912,18.69,
363707,website_phishing,medio,multiclasse,autogluon_default,train,0.997963548836621,0.9619852164730728,0.9686944310725132,0.0942909002684233,18.69,
363707,website_phishing,medio,multiclasse,autogluon_extreme,test,0.9718627531406028,0.8891625615763546,0.8830743832529564,0.2874686331483018,1813.69,
363707,website_phishing,medio,multiclasse,autogluon_extreme,train,0.9973630160599116,0.9619852164730728,0.9681088441204612,0.1147135845478218,1813.69,
363671,Fitness_Club,medio,binario,mambular,test,0.8143265267890596,0.7844444444444445,0.7445002548349006,0.4659299666960196,376.85,
363671,Fitness_Club,medio,binario,mambular,train,0.8151828367185621,0.7790476190476191,0.7185693361928196,0.4730925220079093,376.85,
363671,Fitness_Club,medio,binario,lightgbm,test,0.8058495691270139,0.7666666666666667,0.6566588340064847,0.4855393710651006,3.75,
363671,Fitness_Club,medio,binario,lightgbm,train,0.8559086847441316,0.800952380952381,0.6953750166058797,0.4235233598193961,3.75,
363671,Fitness_Club,medio,binario,catboost,test,0.8128512551517422,0.7622222222222222,0.6504962511796675,0.4740888592919451,15.8,
363671,Fitness_Club,medio,binario,catboost,train,0.8601960683231948,0.7980952380952381,0.6906856033989348,0.4276721854217016,15.8,
363671,Fitness_Club,medio,binario,xgboost,test,0.8137176845260398,0.7644444444444445,0.6189336543524445,0.4863537760302384,2.12,
363671,Fitness_Club,medio,binario,xgboost,train,0.8480105337319999,0.7904761904761904,0.6460261037883502,0.4628861638645026,2.12,
363671,Fitness_Club,medio,binario,autogluon_default,test,0.8069970026227051,0.7711111111111111,0.6590082470000567,0.4811466466325454,4.11,
363671,Fitness_Club,medio,binario,autogluon_default,train,0.9259674536893838,0.8323809523809523,0.7355626024791222,0.3470089381367288,4.11,
363671,Fitness_Club,medio,binario,autogluon_extreme,test,0.8150524541026601,0.7622222222222222,0.6504962511796675,0.4712773309805859,1153.49,
363671,Fitness_Club,medio,binario,autogluon_extreme,train,0.844219335326666,0.799047619047619,0.6896118409545026,0.4381807861974673,1153.49,
363711,MIC,medio,multiclasse,mambular,test,,,,,0.3,0
363711,MIC,medio,multiclasse,lightgbm,test,0.685413571536238,0.8803921568627451,0.0,1.155199178954142,22.07,
363711,MIC,medio,multiclasse,lightgbm,train,1.0,1.0,1.0,4.730499013050376e-06,22.07,
363711,MIC,medio,multiclasse,catboost,test,0.701835189352945,0.8823529411764706,0.0,0.6950200193412508,80.45,
363711,MIC,medio,multiclasse,catboost,train,1.0,1.0,1.0,0.004457720133668,80.45,
363711,MIC,medio,multiclasse,xgboost,test,0.7003961992192511,0.884313725490196,0.0,0.49072532837143,16.81,
363711,MIC,medio,multiclasse,xgboost,train,0.999979576577321,0.992430613961312,0.948484106969214,0.0711000849632257,16.81,
363711,MIC,medio,multiclasse,autogluon_default,test,0.6636028183689505,0.884313725490196,0.0,0.4949253149103944,502.55,
363711,MIC,medio,multiclasse,autogluon_default,train,0.95732026509783,0.9596299411269976,0.7498237524418815,0.1678968594416639,502.55,
363614,anneal,pequeno,multiclasse,mambular,test,,,,,187.72,"CUDA out of memory. Tried to allocate 20.00 MiB. GPU 0 has a total capacity of 11.49 GiB of which 54.75 MiB is free. Process 10087 has 76.60 MiB memory in use. Process 71807 has 28.34 MiB memory in use. Process 176923 has 23.59 MiB memory in use. Process 340498 has 5.53 GiB memory in use. Including non-PyTorch memory, this process has 4.88 GiB memory in use. Of the allocated memory 4.66 GiB is allocated by PyTorch, and 18.69 MiB is reserved by PyTorch but unallocated. If reserved but unallocated memory is large try setting PYTORCH_CUDA_ALLOC_CONF=expandable_segments:True to avoid fragmentation.  See documentation for Memory Management  (https://pytorch.org/docs/stable/notes/cuda.html#environment-variables)"
363696,qsar-biodeg,medio,binario,mambular,test,,,,,1402.43,"CUDA out of memory. Tried to allocate 246.00 MiB. GPU 0 has a total capacity of 11.49 GiB of which 304.56 MiB is free. Process 10087 has 76.35 MiB memory in use. Process 71807 has 28.34 MiB memory in use. Process 176923 has 23.59 MiB memory in use. Including non-PyTorch memory, this process has 4.70 GiB memory in use. Process 540730 has 5.51 GiB memory in use. Of the allocated memory 4.47 GiB is allocated by PyTorch, and 28.57 MiB is reserved by PyTorch but unallocated. If reserved but unallocated memory is large try setting PYTORCH_CUDA_ALLOC_CONF=expandable_segments:True to avoid fragmentation.  See documentation for Memory Management  (https://pytorch.org/docs/stable/notes/cuda.html#environment-variables)"
363711,MIC,medio,multiclasse,mambular,test,,,,,0.26,0
363614,anneal,pequeno,multiclasse,mambular,test,,,,,353.41,"CUDA out of memory. Tried to allocate 20.00 MiB. GPU 0 has a total capacity of 11.49 GiB of which 62.31 MiB is free. Process 10087 has 48.79 MiB memory in use. Process 71807 has 28.34 MiB memory in use. Process 176923 has 23.59 MiB memory in use. Process 593321 has 5.51 GiB memory in use. Including non-PyTorch memory, this process has 5.00 GiB memory in use. Of the allocated memory 4.77 GiB is allocated by PyTorch, and 18.69 MiB is reserved by PyTorch but unallocated. If reserved but unallocated memory is large try setting PYTORCH_CUDA_ALLOC_CONF=expandable_segments:True to avoid fragmentation.  See documentation for Memory Management  (https://pytorch.org/docs/stable/notes/cuda.html#environment-variables)"
363696,qsar-biodeg,medio,binario,mambular,test,,,,,443.27,"CUDA out of memory. Tried to allocate 328.00 MiB. GPU 0 has a total capacity of 11.49 GiB of which 190.38 MiB is free. Process 10087 has 48.79 MiB memory in use. Process 71807 has 28.34 MiB memory in use. Process 176923 has 39.59 MiB memory in use. Process 593321 has 5.51 GiB memory in use. Including non-PyTorch memory, this process has 4.88 GiB memory in use. Of the allocated memory 4.63 GiB is allocated by PyTorch, and 49.55 MiB is reserved by PyTorch but unallocated. If reserved but unallocated memory is large try setting PYTORCH_CUDA_ALLOC_CONF=expandable_segments:True to avoid fragmentation.  See documentation for Memory Management  (https://pytorch.org/docs/stable/notes/cuda.html#environment-variables)"
363711,MIC,medio,multiclasse,mambular,test,,,,,0.24,0
363711,MIC,medio,multiclasse,autogluon_extreme,test,0.6559302485033005,0.8862745098039215,0.0,0.4706720867627744,7203.44,
363711,MIC,medio,multiclasse,autogluon_extreme,train,0.998728111392585,0.9545836837678722,0.6561043432719155,0.1681536868472199,7203.44,
363682,Is-this-a-good-customer,medio,binario,lightgbm,test,0.739027459107394,0.8820116054158608,0.258666667684038,0.3201290194204434,1.29,
363682,Is-this-a-good-customer,medio,binario,lightgbm,train,0.9972277795606782,0.933665008291874,0.6503550051642909,0.1516618222253635,1.29,
363682,Is-this-a-good-customer,medio,binario,catboost,test,0.750758641107246,0.8878143133462283,0.1839138149193398,0.3157108403956859,6.62,
363682,Is-this-a-good-customer,medio,binario,catboost,train,0.9980198425433416,0.9502487562189056,0.7496958020560326,0.1432665473596582,6.62,
363682,Is-this-a-good-customer,medio,binario,xgboost,test,0.756124639182888,0.8858800773694391,0.183712486107027,0.311981272657477,0.75,
363682,Is-this-a-good-customer,medio,binario,xgboost,train,0.880179989484681,0.8897180762852405,0.2257243890202611,0.2591553592879087,0.75,
363682,Is-this-a-good-customer,medio,binario,autogluon_default,test,0.7711494337946858,0.8858800773694391,0.0,0.3082418411394778,11.07,
363682,Is-this-a-good-customer,medio,binario,autogluon_default,train,0.954306159655316,0.8864013266998342,0.0,0.2418175457896777,11.07,
363682,Is-this-a-good-customer,medio,binario,autogluon_extreme,test,0.7665605802679298,0.8858800773694391,0.0,0.312480463248784,224.67,
363682,Is-this-a-good-customer,medio,binario,autogluon_extreme,train,0.9410186203082216,0.8864013266998342,0.0,0.2561393365168675,224.67,
363684,Marketing_Campaign,medio,binario,lightgbm,test,0.8712325174825175,0.8720238095238095,0.6320131006874458,0.5815316437055399,1.75,
363684,Marketing_Campaign,medio,binario,lightgbm,train,0.9999423365240456,0.9961734693877552,0.9942233747578568,0.0054435543075062,1.75,
363684,Marketing_Campaign,medio,binario,catboost,test,0.8926398601398602,0.8794642857142857,0.5753989190847651,0.27614647701306,11.72,
363684,Marketing_Campaign,medio,binario,catboost,train,0.995550301772191,0.965561224489796,0.8770580193070292,0.1235230437044292,11.72,
363684,Marketing_Campaign,medio,binario,xgboost,test,0.869256993006993,0.8586309523809523,0.6128005185412914,0.311194691621955,1.2,
363684,Marketing_Campaign,medio,binario,xgboost,train,0.9995066569279464,0.9904336734693876,0.9674179220468452,0.069701718937638,1.2,
363684,Marketing_Campaign,medio,binario,autogluon_default,test,0.8965734265734265,0.8824404761904762,0.5843231695162929,0.2692157035080424,12.86,
363684,Marketing_Campaign,medio,binario,autogluon_default,train,0.9995579133510168,0.9808673469387756,0.9356343586828058,0.1060976681162096,12.86,
363684,Marketing_Campaign,medio,binario,autogluon_extreme,test,0.9016083916083916,0.8898809523809523,0.6528046002854501,0.2603628367848105,218.15,
363684,Marketing_Campaign,medio,binario,autogluon_extreme,train,0.9921417496380016,0.9521683673469388,0.8422560788434985,0.1305565641726949,218.15,
363700,seismic-bumps,medio,binario,lightgbm,test,0.7706017579445571,0.934278350515464,0.0,0.2087787574406191,1.99,
363700,seismic-bumps,medio,binario,lightgbm,train,0.9409500922926896,0.9369469026548672,0.2049800154226969,0.1496683377094567,1.99,
363700,seismic-bumps,medio,binario,catboost,test,0.7649763353617308,0.934278350515464,0.0,0.2091045923057,9.44,
363700,seismic-bumps,medio,binario,catboost,train,0.8540531665596967,0.9358407079646016,0.1587768372074889,0.1852400037010166,9.44,
363700,seismic-bumps,medio,binario,xgboost,test,0.7734550371872887,0.934278350515464,0.0,0.2077502133331396,0.85,
363700,seismic-bumps,medio,binario,xgboost,train,0.8877860202695643,0.9341814159292036,0.0,0.1763822569639477,0.85,
363700,seismic-bumps,medio,binario,autogluon_default,test,0.7684381338742394,0.934278350515464,0.0,0.2084327143695407,10.41,
363700,seismic-bumps,medio,binario,autogluon_default,train,0.8551079401565245,0.9341814159292036,0.0,0.1877948074129982,10.41,
363700,seismic-bumps,medio,binario,autogluon_extreme,test,0.761000676132522,0.934278350515464,0.0,0.2105348626135846,200.84,
363700,seismic-bumps,medio,binario,autogluon_extreme,train,0.8460279315989273,0.9341814159292036,0.0,0.1909996437182514,200.84,
363702,splice,medio,multiclasse,lightgbm,test,0.9952434011758008,0.96760710553814,0.97136797950125,0.1723477780095958,4.43,
363702,splice,medio,multiclasse,lightgbm,train,1.0,1.0,1.0,2.687586546004352e-06,4.43,
363702,splice,medio,multiclasse,catboost,test,0.9955558936479622,0.9634273772204808,0.9678911944374144,0.1141302176054324,8.5,
363702,splice,medio,multiclasse,catboost,train,1.0,1.0,1.0,0.0080181620293096,8.5,
363702,splice,medio,multiclasse,xgboost,test,0.9957512751366422,0.9686520376175548,0.970498694268076,0.1474056822247895,3.46,
363702,splice,medio,multiclasse,xgboost,train,0.999486706867474,0.9923869234214062,0.9911066083439491,0.0844733027665782,3.46,
363702,splice,medio,multiclasse,autogluon_default,test,0.9967772799367092,0.9696969696969696,0.9734920857794988,0.0939852825412861,331.36,
363702,splice,medio,multiclasse,autogluon_default,train,0.999848868557052,0.9905956112852664,0.9899661700304804,0.0290725078025497,331.36,
363702,splice,medio,multiclasse,autogluon_extreme,test,0.997068967047401,0.974921630094044,0.9768689019951162,0.1197148904800587,2776.53,
363702,splice,medio,multiclasse,autogluon_extreme,train,0.9999270932979932,0.9928347514554412,0.9920694282278348,0.0534814818143351,2776.53,
363704,students_dropout_and_academic_success,medio,multiclasse,lightgbm,test,0.8708853345754393,0.7560240963855421,0.6290292272353556,0.5720112215748548,5.96,
363704,students_dropout_and_academic_success,medio,multiclasse,lightgbm,train,0.954363366439294,0.8636950904392765,0.7968628828922167,0.3787985000293874,5.96,
363704,students_dropout_and_academic_success,medio,multiclasse,catboost,test,0.8739985794777817,0.7605421686746988,0.6223191921461987,0.5661710762312534,25.59,
363704,students_dropout_and_academic_success,medio,multiclasse,catboost,train,0.9363821251520028,0.838501291989664,0.7480605161768229,0.4327549871629756,25.59,
363704,students_dropout_and_academic_success,medio,multiclasse,xgboost,test,0.8750537749407307,0.7560240963855421,0.6279632303654501,0.5635375224412383,4.9,
363704,students_dropout_and_academic_success,medio,multiclasse,xgboost,train,0.9413770690195444,0.8456072351421189,0.7654974523520501,0.4199725268905674,4.9,
363704,students_dropout_and_academic_success,medio,multiclasse,autogluon_default,test,0.8823516796378073,0.7748493975903614,0.6409731249736798,0.5460641702723195,59.41,
363704,students_dropout_and_academic_success,medio,multiclasse,autogluon_default,train,0.9961317299467852,0.9515503875968992,0.9233219939357225,0.2307487366515679,59.41,
363704,students_dropout_and_academic_success,medio,multiclasse,autogluon_extreme,test,0.8832140328376239,0.7718373493975904,0.6365950905681984,0.54295446884272,973.49,
363704,students_dropout_and_academic_success,medio,multiclasse,autogluon_extreme,train,0.9835164050855776,0.9069767441860463,0.855331345265382,0.2913130212821734,973.49,
363623,churn,medio,binario,lightgbm,test,0.9221038907769836,0.956,0.852069969738065,0.3059827339230539,2.02,
363623,churn,medio,binario,lightgbm,train,1.0,1.0,1.0,4.901959472195698e-05,2.02,
363623,churn,medio,binario,catboost,test,0.9185698171803586,0.9613333333333334,0.8714382733416619,0.1534426909798955,14.45,
363623,churn,medio,binario,catboost,train,0.9977599623523086,0.9874285714285714,0.9545214042184236,0.0564446526069833,14.45,
363623,churn,medio,binario,xgboost,test,0.9089124575178718,0.9513333333333334,0.8375586267831984,0.1946207630903636,1.76,
363623,churn,medio,binario,xgboost,train,1.0,1.0,1.0,0.0113692948239411,1.76,
363623,churn,medio,binario,autogluon_default,test,0.917610307043244,0.9553333333333334,0.8517368045367699,0.1678226350122638,21.65,
363623,churn,medio,binario,autogluon_default,train,0.998224507974924,0.9817142857142858,0.9331168580124736,0.0744089751747188,21.65,
363623,churn,medio,binario,autogluon_extreme,test,0.9178245488105004,0.9593333333333334,0.860948644042387,0.1684473275589342,398.35,
363623,churn,medio,binario,autogluon_extreme,train,0.9931158506865662,0.9797142857142858,0.9255083233367792,0.0929154913925039,398.35,
363694,polish_companies_bankruptcy,medio,binario,lightgbm,test,0.9490909090909092,0.9616469261139312,0.7457987776227725,0.2353357684582702,3.47,
363694,polish_companies_bankruptcy,medio,binario,lightgbm,train,1.0,1.0,1.0,1.5092738307780756e-05,3.47,
363694,polish_companies_bankruptcy,medio,binario,catboost,test,0.9531756590293176,0.9622109419063734,0.7195848903275973,0.1077312919388206,53.22,
363694,polish_companies_bankruptcy,medio,binario,catboost,train,0.9995719263315082,0.99299008943679,0.9481322185395624,0.0356493913542493,53.22,
363694,polish_companies_bankruptcy,medio,binario,xgboost,test,0.9531658043853164,0.9605188945290468,0.7189272345402459,0.1130208790709709,5.4,
363694,polish_companies_bankruptcy,medio,binario,xgboost,train,1.0,0.9995165578921924,0.9965095879543846,0.0214883935632477,5.4,
363694,polish_companies_bankruptcy,medio,binario,autogluon_default,test,0.9562749445676276,0.9661590524534688,0.7579162575518773,0.1025193604525066,47.54,
363694,polish_companies_bankruptcy,medio,binario,autogluon_default,train,0.9995058599936648,0.9867053420352913,0.8990897448742139,0.0416236969128714,47.54,
363694,polish_companies_bankruptcy,medio,binario,autogluon_extreme,test,0.967149544222715,0.9678510998307952,0.7836717515270115,0.0915356555519658,1104.34,
363694,polish_companies_bankruptcy,medio,binario,autogluon_extreme,train,0.9994569890040276,0.9871887841430989,0.9029568153865176,0.0446776964030634,1104.34,
363706,taiwanese_bankruptcy_prediction,medio,binario,lightgbm,test,0.9524946434037344,0.9736070381231672,0.5214411054436359,0.096069537197018,3.59,
363706,taiwanese_bankruptcy_prediction,medio,binario,lightgbm,train,1.0,1.0,1.0,0.0035071424965726,3.59,
363706,taiwanese_bankruptcy_prediction,medio,binario,catboost,test,0.953527701254974,0.9721407624633432,0.4260782788696438,0.105295562522978,79.98,
363706,taiwanese_bankruptcy_prediction,medio,binario,catboost,train,1.0,1.0,1.0,0.0008203975854211,79.98,
363706,taiwanese_bankruptcy_prediction,medio,binario,xgboost,test,0.9517753290480564,0.9736070381231672,0.5214411054436359,0.0837860449687889,5.37,
363706,taiwanese_bankruptcy_prediction,medio,binario,xgboost,train,1.0,0.9995809763251624,0.993485272670404,0.0116033576161704,5.37,
363706,taiwanese_bankruptcy_prediction,medio,binario,autogluon_default,test,0.9519972451790636,0.9731182795698924,0.460217140429679,0.0783248472590375,34.5,
363706,taiwanese_bankruptcy_prediction,medio,binario,autogluon_default,train,1.0,0.9945526922271108,0.9116846116771036,0.0287565400395121,34.5,
363706,taiwanese_bankruptcy_prediction,medio,binario,autogluon_extreme,test,0.9550275482093664,0.9716520039100685,0.3890528317691062,0.0786894950858222,778.78,
363706,taiwanese_bankruptcy_prediction,medio,binario,autogluon_extreme,train,0.9990201398514886,0.9817724701445631,0.659594523222362,0.0402342992810427,778.78,
363676,heloc,grande,binario,lightgbm,test,0.7950213675213675,0.7249840662842575,0.7224984913507225,0.5487391833574415,2.78,
363676,heloc,grande,binario,lightgbm,train,0.8342618237559353,0.7485316213632017,0.74389734368088,0.5076504387939093,2.78,
363676,heloc,grande,binario,catboost,test,0.7984367114367116,0.7253027405991077,0.722480464772593,0.5450221654538429,14.24,
363676,heloc,grande,binario,catboost,train,0.867201368377762,0.7731184264444748,0.7695603470991862,0.4677629631434462,14.24,
363676,heloc,grande,binario,xgboost,test,0.7957004477004478,0.7249840662842575,0.7223773666367599,0.5473807905953058,2.5,
363676,heloc,grande,binario,xgboost,train,0.8482616742064532,0.7612348039885262,0.7569106600756458,0.4874128771913525,2.5,
363676,heloc,grande,binario,autogluon_default,test,0.7957794057794058,0.7256214149139579,0.7225114476759465,0.5478612505752452,24.07,
363676,heloc,grande,binario,autogluon_default,train,0.9551073765282088,0.8580794973364294,0.8551604297884483,0.3618299520698797,24.07,
363676,heloc,grande,binario,autogluon_extreme,test,0.798200244200244,0.722753346080306,0.7205207721850795,0.5455934640426443,552.42,
363676,heloc,grande,binario,autogluon_extreme,train,0.8800945526601114,0.7809042480535446,0.777411114710651,0.4555415434544135,552.42,
363712,jm1,grande,binario,lightgbm,test,0.7382872946762397,0.8113900796080833,0.3514350965223233,0.432289392198827,2.35,
363712,jm1,grande,binario,lightgbm,train,0.8202860429710314,0.8380364877280483,0.4489326927182843,0.382628686441497,2.35,
363712,jm1,grande,binario,catboost,test,0.7390616139480792,0.8175137783221066,0.3591458364799252,0.4315805456141413,20.5,
363712,jm1,grande,binario,catboost,train,0.8002752897249089,0.8427615172594829,0.4683666565051163,0.3918677824675751,20.5,
363712,jm1,grande,binario,xgboost,test,0.742119243966437,0.8187385180649112,0.3757651287248852,0.4292969710430978,2.76,
363712,jm1,grande,binario,xgboost,train,0.8944286813583535,0.8529990812442578,0.5195845287445917,0.3415522659638293,2.76,
363712,jm1,grande,binario,autogluon_default,test,0.7624275539920995,0.8169014084507042,0.3889673741560814,0.4177887472852714,39.56,
363712,jm1,grande,binario,autogluon_default,train,0.9872761166429116,0.9175744848405304,0.7587506319553822,0.2333715898144462,39.56,
363712,jm1,grande,binario,autogluon_extreme,test,0.761779384485261,0.8196570728720147,0.3838605640761309,0.418432846308101,1025.08,
363712,jm1,grande,binario,autogluon_extreme,train,0.975505893860824,0.8862055387846174,0.6502109266824283,0.2666866889055211,1025.08,
363632,E-CommereShippingData,grande,binario,lightgbm,test,0.738815654668397,0.6772727272727272,0.6886344362397635,0.5021296999205065,2.54,
363632,E-CommereShippingData,grande,binario,lightgbm,train,0.7963919542187983,0.7016495648785557,0.7133802874865534,0.4907842542204422,2.54,
363632,E-CommereShippingData,grande,binario,catboost,test,0.747490688695059,0.6809090909090909,0.6928581255723235,0.5034584035231171,11.79,
363632,E-CommereShippingData,grande,binario,catboost,train,0.7910619957278169,0.7041174178464735,0.7164235939013518,0.4980235039636709,11.79,
363632,E-CommereShippingData,grande,binario,xgboost,test,0.7399662843190413,0.6790909090909091,0.6904489368487198,0.5017597596114965,1.72,
363632,E-CommereShippingData,grande,binario,xgboost,train,0.7968504742936421,0.7019093388751786,0.7135892797353636,0.491422788559457,1.72,
363632,E-CommereShippingData,grande,binario,autogluon_default,test,0.7420798103130453,0.6778787878787879,0.6896548849191464,0.5102841094327627,26.77,
363632,E-CommereShippingData,grande,binario,autogluon_default,train,0.8914875665732171,0.7416547603584881,0.7554348255415454,0.4778021846744934,26.77,
363632,E-CommereShippingData,grande,binario,autogluon_extreme,test,0.7469515277942596,0.6833333333333333,0.6956293207070877,0.5063508726433106,672.65,
363632,E-CommereShippingData,grande,binario,autogluon_extreme,train,0.8820173971931464,0.7303545915053903,0.7436434398390039,0.484878345815228,672.65,
363691,online_shoppers_intention,grande,binario,lightgbm,test,0.9330316709194226,0.9042984590429846,0.770349518890081,0.2249395593740784,3.34,
363691,online_shoppers_intention,grande,binario,lightgbm,train,0.9489342425498558,0.91889699918897,0.7919157729556104,0.20191449434129,3.34,
363691,online_shoppers_intention,grande,binario,catboost,test,0.9304020252213407,0.901595025682617,0.7652282818493786,0.2282775354298569,16.31,
363691,online_shoppers_intention,grande,binario,catboost,train,0.9588467000201104,0.9310624493106244,0.824220771939286,0.1797456928762786,16.31,
363691,online_shoppers_intention,grande,binario,xgboost,test,0.9335046549229472,0.902676399026764,0.7686202881663486,0.225362990387984,2.59,
363691,online_shoppers_intention,grande,binario,xgboost,train,0.9449769754527956,0.9176225234619396,0.7880778784216135,0.2075266434380929,2.59,
363691,online_shoppers_intention,grande,binario,autogluon_default,test,0.9357954964766606,0.901595025682617,0.7613652990071529,0.2217572881180151,36.81,
363691,online_shoppers_intention,grande,binario,autogluon_default,train,0.971681089500232,0.937666550805237,0.8340420594134517,0.1656006553681776,36.81,
363691,online_shoppers_intention,grande,binario,autogluon_extreme,test,0.9362774258041288,0.90132468234658,0.7698841712707102,0.2199111350217049,766.05,
363691,online_shoppers_intention,grande,binario,autogluon_extreme,train,0.958392262767132,0.9255011006835824,0.8050949891664055,0.1871779726413288,766.05,
363681,in_vehicle_coupon_recommendation,grande,binario,lightgbm,test,0.8425040569147075,0.7706253284287966,0.7529604462998912,0.4967463141988069,3.56,
363681,in_vehicle_coupon_recommendation,grande,binario,lightgbm,train,0.9417005856253748,0.8578508673124577,0.8442666087227335,0.387431719480611,3.56,
363681,in_vehicle_coupon_recommendation,grande,binario,catboost,test,0.8373191975145541,0.7669469259064635,0.7493995468327957,0.4936662020926399,14.45,
363681,in_vehicle_coupon_recommendation,grande,binario,catboost,train,0.991591051425398,0.9442441991439512,0.938315780817758,0.2518445648862091,14.45,
363681,in_vehicle_coupon_recommendation,grande,binario,xgboost,test,0.8462531329061297,0.77955859169732,0.7645294271221912,0.4842396096353349,2.9,
363681,in_vehicle_coupon_recommendation,grande,binario,xgboost,train,0.9881857860569015,0.9357963505293984,0.9292162078822586,0.2791718720616039,2.9,
363681,in_vehicle_coupon_recommendation,grande,binario,autogluon_default,test,0.8547990339379522,0.7782448765107725,0.7625771677091352,0.4844432983884999,144.39,
363681,in_vehicle_coupon_recommendation,grande,binario,autogluon_default,train,0.9977544157226949,0.9692498310430278,0.965862112916968,0.251777998612306,144.39,
363681,in_vehicle_coupon_recommendation,grande,binario,autogluon_extreme,test,0.8588749423505879,0.7813977929584865,0.7662463121870182,0.4720829470409787,1853.01,
363681,in_vehicle_coupon_recommendation,grande,binario,autogluon_extreme,train,0.9992351974964438,0.9814147330479838,0.9796794252251092,0.2251539605096902,1853.01,
363679,HR_Analytics_Job_Change_of_Data_Scientists,grande,binario,lightgbm,test,0.795065736541172,0.7927974947807933,0.6989013185449655,0.4416702075447664,3.17,
363679,HR_Analytics_Job_Change_of_Data_Scientists,grande,binario,lightgbm,train,0.8405775173329708,0.8140939597315436,0.7291526779163602,0.408729344133845,3.17,
363679,HR_Analytics_Job_Change_of_Data_Scientists,grande,binario,catboost,test,0.7959395283658895,0.791231732776618,0.6936044764493653,0.442785914009723,16.15,
363679,HR_Analytics_Job_Change_of_Data_Scientists,grande,binario,catboost,train,0.8723607206789259,0.8325130499627144,0.7496350346961497,0.3843994203324105,16.15,
363679,HR_Analytics_Job_Change_of_Data_Scientists,grande,binario,xgboost,test,0.795883491188902,0.791579679888657,0.6934432249384306,0.4412093820417945,2.83,
363679,HR_Analytics_Job_Change_of_Data_Scientists,grande,binario,xgboost,train,0.8374238845390756,0.8141685309470544,0.7265107278478575,0.411028369031885,2.83,
363679,HR_Analytics_Job_Change_of_Data_Scientists,grande,binario,autogluon_default,test,0.7969672000575735,0.7917536534446764,0.6993621088582503,0.4396115546510845,51.31,
363679,HR_Analytics_Job_Change_of_Data_Scientists,grande,binario,autogluon_default,train,0.8533260326343739,0.8211782252050709,0.7441544258638004,0.403206264310374,51.31,
363679,HR_Analytics_Job_Change_of_Data_Scientists,grande,binario,autogluon_extreme,test,0.7965042666690386,0.7940153096729298,0.7193441633676995,0.4392113309323979,1081.68,
363679,HR_Analytics_Job_Change_of_Data_Scientists,grande,binario,autogluon_extreme,train,0.8494558075790689,0.8117822520507084,0.7463329416967701,0.4070576754359175,1081.68,
363627,credit_card_clients_default,grande,binario,lightgbm,test,0.7852446510080067,0.8235555555555556,0.5958831509404434,0.4247653769592985,3.81,
363627,credit_card_clients_default,grande,binario,lightgbm,train,0.81546871601203,0.8292380952380952,0.6067426125366077,0.4054921127963999,3.81,
363627,credit_card_clients_default,grande,binario,catboost,test,0.7874029580537157,0.8217777777777778,0.594099048067091,0.4242969619794485,35.9,
363627,credit_card_clients_default,grande,binario,catboost,train,0.8262524997869197,0.8350952380952381,0.6207131452610515,0.395023483217524,35.9,
363627,credit_card_clients_default,grande,binario,xgboost,test,0.7873285756800165,0.8234444444444444,0.5944106444855185,0.4240830845047573,5.75,
363627,credit_card_clients_default,grande,binario,xgboost,train,0.8147231287509145,0.8278095238095238,0.6039049447486334,0.4057242578158373,5.75,
363627,credit_card_clients_default,grande,binario,autogluon_default,test,0.7887678172836403,0.8224444444444444,0.5957920490452888,0.4236504149077401,58.65,
363627,credit_card_clients_default,grande,binario,autogluon_default,train,0.9429469003629444,0.8490952380952381,0.6539508259866891,0.3170622856831164,58.65,
363627,credit_card_clients_default,grande,binario,autogluon_extreme,test,0.7898106753611396,0.8222222222222222,0.5953468023610687,0.4229938232522033,1557.47,
363627,credit_card_clients_default,grande,binario,autogluon_extreme,train,0.8890877493081879,0.8344285714285714,0.6230593660704605,0.3666321075159588,1557.47,
363613,Amazon_employee_access,grande,binario,lightgbm,test,0.8144133730089005,0.9443596785677958,0.2442878140571264,0.17427884352827,4.59,
363613,Amazon_employee_access,grande,binario,lightgbm,train,0.9610776574600112,0.9493417037230796,0.3629355682671853,0.1310367118233854,4.59,
363613,Amazon_employee_access,grande,binario,catboost,test,0.805991391398761,0.9468009358152782,0.4117472779654391,0.1716537881257749,30.0,
363613,Amazon_employee_access,grande,binario,catboost,train,0.97622309576111,0.9642514604586276,0.638923549999214,0.0980162386636636,30.0,
363613,Amazon_employee_access,grande,binario,xgboost,test,0.8227197016818348,0.9460889024514292,0.3078142967385638,0.1674327719078686,4.8,
363613,Amazon_employee_access,grande,binario,xgboost,train,0.9769753934758004,0.954660388874357,0.4790490586474211,0.1125854195027847,4.8,
363613,Amazon_employee_access,grande,binario,autogluon_default,test,0.8803769128274761,0.9537178313498118,0.5338089072671864,0.1407609816855961,178.02,
363613,Amazon_employee_access,grande,binario,autogluon_default,train,0.9970798220647514,0.9750632138808965,0.7683236292007675,0.0655609994313068,178.02,
363613,Amazon_employee_access,grande,binario,autogluon_extreme,test,0.879984129267157,0.953310955141898,0.5239489501120267,0.1407733747622164,4180.11,
363613,Amazon_employee_access,grande,binario,autogluon_extreme,train,0.9963993932695148,0.9716627430464732,0.7291536738117889,0.0686777900048131,4180.11,
363618,bank-marketing,grande,binario,lightgbm,test,0.7661642912620961,0.8949424948392805,0.4038586842035471,0.30105800275773,4.49,
363618,bank-marketing,grande,binario,lightgbm,train,0.7797322855470037,0.893891996081777,0.3934773648282136,0.2975029438059022,4.49,
363618,bank-marketing,grande,binario,catboost,test,0.7697155475320556,0.8961220878796815,0.4304487584446202,0.2984181569572051,28.56,
363618,bank-marketing,grande,binario,catboost,train,0.79471891852861,0.8977786204063576,0.4381168922687448,0.2881677685852166,28.56,
363618,bank-marketing,grande,binario,xgboost,test,0.7685040783114075,0.8961220878796815,0.424037462442332,0.2985890660803255,4.63,
363618,bank-marketing,grande,binario,xgboost,train,0.7863440419307858,0.8955035232407496,0.4196057344742016,0.2933063620911154,4.63,
363618,bank-marketing,grande,binario,autogluon_default,test,0.7700337377368796,0.8956797404895311,0.4267920759685074,0.2984652379909974,79.18,
363618,bank-marketing,grande,binario,autogluon_default,train,0.9176943084640192,0.8983157961260151,0.4412172705907166,0.2506855952110482,79.18,
363618,bank-marketing,grande,binario,autogluon_extreme,test,0.7696150871821695,0.8959746387496313,0.4240017284463606,0.2986134635621161,1959.91,
363618,bank-marketing,grande,binario,autogluon_extreme,train,0.8719490530861588,0.8959143046734288,0.4212578218731083,0.2684957248226843,1959.91,
363616,APSFailure,grande,binario,lightgbm,test,0.9911720759734324,0.9948684210526316,0.8848729182926357,0.0333728630184302,21.91,
363616,APSFailure,grande,binario,lightgbm,train,1.0,1.0,1.0,5.243233139466674e-07,21.91,
363616,APSFailure,grande,binario,catboost,test,0.9931094978065572,0.9937719298245614,0.8611179664569893,0.0197026006393316,159.33,
363616,APSFailure,grande,binario,catboost,train,0.9941660970823708,0.996748120300752,0.912481674675384,0.0144393173310099,159.33,
363616,APSFailure,grande,binario,xgboost,test,0.9916002049468248,0.9948245614035088,0.8862019960327441,0.0174261257008365,38.56,
363616,APSFailure,grande,binario,xgboost,train,0.9988134198890743,0.9981015037593984,0.9525607520074152,0.0086112201734105,38.56,
363616,APSFailure,grande,binario,autogluon_default,test,0.9947039502784952,0.9946491228070176,0.8807146244112065,0.0169036279360494,216.61,
363616,APSFailure,grande,binario,autogluon_default,train,0.9999716524838635,0.9991353383458648,0.9758240653100404,0.005994613393739,216.61,
363616,APSFailure,grande,binario,autogluon_extreme,test,0.9940619194401994,0.994561403508772,0.8614646245659082,0.0174234926999916,6612.9,
363616,APSFailure,grande,binario,autogluon_extreme,train,0.9999817709170428,0.9984022556390978,0.9553821811141762,0.0076628488269906,6612.9,
363630,Diabetes130US,grande,binario,lightgbm,test,0.6731515133666865,0.9123788217747948,0.0690413321360563,0.2802620934014057,63.91,
363630,Diabetes130US,grande,binario,lightgbm,train,0.7907827444620683,0.9127681674723344,0.0940924097227985,0.2576127611598984,63.91,
363630,Diabetes130US,grande,binario,catboost,test,0.6649175149327161,0.9120525727069352,0.023014365447458,0.2835681165941116,43.59,
363630,Diabetes130US,grande,binario,catboost,train,0.7166450463912959,0.9122288362430586,0.0499716150984787,0.2744460047927545,43.59,
363630,Diabetes130US,grande,binario,xgboost,test,0.6698569936908407,0.9120525727069352,0.023014365447458,0.2823457381137679,14.93,
363630,Diabetes130US,grande,binario,xgboost,train,0.7116208538836579,0.9121289600894892,0.0369064836547025,0.2749209085974149,14.93,
363630,Diabetes130US,grande,binario,autogluon_default,test,0.6826387469337695,0.9120991797166292,0.0325472277452059,0.2792569584454793,378.37,
363630,Diabetes130US,grande,binario,autogluon_default,train,0.9677392923699908,0.9127082417801926,0.0891376265028961,0.2179623472708102,378.37,
363630,Diabetes130US,grande,binario,autogluon_extreme,test,,,,,0.0,RAM insuficiente: 3.9 GB disponíveis
363699,SDSS17,grande,multiclasse,lightgbm,test,0.9959555359391696,0.9763836692859584,0.9660639919394276,0.0768239226895314,14.36,
363699,SDSS17,grande,multiclasse,lightgbm,train,0.997143171541017,0.9789153870088037,0.9691063091464792,0.067071530882509,14.36,
363699,SDSS17,grande,multiclasse,catboost,test,0.9960132312078992,0.9750170823368636,0.966162028414828,0.0798206349242883,56.49,
363699,SDSS17,grande,multiclasse,catboost,train,0.9976472178666472,0.980397898859747,0.9720860871889448,0.0636267807425974,56.49,
363699,SDSS17,grande,multiclasse,xgboost,test,0.9960260769534348,0.9768534335497095,0.9679426896152412,0.0753913647980589,21.58,
363699,SDSS17,grande,multiclasse,xgboost,train,0.99873062425299,0.9842048428720463,0.976844499239534,0.0491824003465405,21.58,
363699,SDSS17,grande,multiclasse,autogluon_default,test,0.9962657850205252,0.9784762555517594,0.9698907694582004,0.0732967068587799,489.59,
363699,SDSS17,grande,multiclasse,autogluon_default,train,0.999691394070811,0.9851931841060088,0.9778184424302604,0.0346790369030843,489.59,
363699,SDSS17,grande,multiclasse,autogluon_extreme,test,,,,,0.0,RAM insuficiente: 4.0 GB disponíveis
363628,customer_satisfaction_in_airline,grande,binario,lightgbm,test,0.993908806977322,0.957114259316292,0.9577388624556148,0.0969147943411132,12.27,
363628,customer_satisfaction_in_airline,grande,binario,lightgbm,train,0.9996423433717948,0.9895507941396454,0.9898035070330417,0.0421152599741299,12.27,
363628,customer_satisfaction_in_airline,grande,binario,catboost,test,0.9934904796034694,0.9565239708448824,0.9571549520565183,0.1036754791985999,44.89,
363628,customer_satisfaction_in_airline,grande,binario,catboost,train,0.9968321999153524,0.9683224074970302,0.9688705787657914,0.0818057209219677,44.89,
363628,customer_satisfaction_in_airline,grande,binario,xgboost,test,0.9937432604318488,0.9564213119802896,0.956960316183984,0.0994144035430828,15.79,
363628,customer_satisfaction_in_airline,grande,binario,xgboost,train,0.9999298007615752,0.9965352633199877,0.9966388546597348,0.0298479070869057,15.79,
363628,customer_satisfaction_in_airline,grande,binario,autogluon_default,test,0.994511011447973,0.9599373780925984,0.96068879112794,0.0927199367607741,1000.65,
363628,customer_satisfaction_in_airline,grande,binario,autogluon_default,train,0.9984981480825936,0.9766707730212504,0.9773388622557764,0.0607321865311322,1000.65,
363628,customer_satisfaction_in_airline,grande,binario,autogluon_extreme,test,,,,,0.0,RAM insuficiente: 4.0 GB disponíveis
363630,Diabetes130US,grande,binario,autogluon_extreme,test,,,,,0.0,RAM insuficiente: 5.6 GB disponíveis
363699,SDSS17,grande,multiclasse,autogluon_extreme,test,,,,,0.0,RAM insuficiente: 5.6 GB disponíveis
363682,Is-this-a-good-customer,medio,binario,mambular,test,0.6529864554807194,0.8858800773694391,0.0,0.3406446291828517,69.16,
363682,Is-this-a-good-customer,medio,binario,mambular,train,0.7323714775388691,0.8864013266998342,0.0,0.3216145826622051,69.16,
363684,Marketing_Campaign,medio,binario,mambular,test,0.8188986013986014,0.8630952380952381,0.5617623368266362,0.3401019119593351,150.55,
363684,Marketing_Campaign,medio,binario,mambular,train,0.9017029946565178,0.9049744897959183,0.6819923731594291,0.2524779295753816,150.55,
363700,seismic-bumps,medio,binario,mambular,test,0.7208924949290062,0.9342783505154639,0.0,0.22220702308442325,106.83,
363700,seismic-bumps,medio,binario,mambular,train,0.7742684995845585,0.9341814159292036,0.0,0.21052035684388426,106.83,
363702,splice,medio,multiclasse,mambular,test,0.995725873831521,0.9665621734587252,0.9660209600099805,0.11034017072208892,930.23,
363702,splice,medio,multiclasse,mambular,train,0.9976832609767182,0.9758172861621137,0.9744572016757113,0.07495336073141542,930.23,
363704,students_dropout_and_academic_success,medio,multiclasse,mambular,test,0.8604723248248932,0.7650602409638554,0.6153789586612756,0.5915754966069046,517.86,
363704,students_dropout_and_academic_success,medio,multiclasse,mambular,train,0.8924682682604949,0.791343669250646,0.6640174196746988,0.5185928066560967,517.86,
363623,churn,medio,binario,mambular,test,0.8808705906480722,0.916,0.6985533803988153,0.25413953023560953,264.51,
363623,churn,medio,binario,mambular,train,0.9464925460932117,0.9314285714285714,0.7525888807056196,0.18028184331761973,264.51,
363694,polish_companies_bankruptcy,medio,binario,mambular,test,0.9067553584626755,0.9385222786238014,0.5588103719341893,0.15875738908737333,1752.42,
363694,polish_companies_bankruptcy,medio,binario,mambular,train,0.9526295307479976,0.9572153734590283,0.6884796682445569,0.11843973974539379,1752.42,
363706,taiwanese_bankruptcy_prediction,medio,binario,mambular,test,0.9546985001530456,0.9711632453567938,0.45975133348802366,0.07721814891775303,5121.21,
363706,taiwanese_bankruptcy_prediction,medio,binario,mambular,train,0.957260102962636,0.970668342761366,0.4181282466988766,0.07600558073628806,5121.21,
363676,heloc,grande,binario,mambular,test,0.7651168091168092,0.7004461440407903,0.6994459694820353,0.5832144686853273,505.1,
363676,heloc,grande,binario,mambular,train,0.8146302389052978,0.7341893183991258,0.7321408395898984,0.5266620983538307,505.1,
363712,jm1,grande,binario,mambular,test,0.7299938486971732,0.8156766687078996,0.3302688250565075,0.435755361193449,567.62,
363712,jm1,grande,binario,mambular,train,0.7366228072596556,0.8179551122194514,0.34018396789724326,0.43192720994595807,567.62,
363632,E-CommereShippingData,grande,binario,mambular,test,0.7431882762839032,0.6690909090909091,0.6797376991781163,0.5081789365979837,332.12,
363632,E-CommereShippingData,grande,binario,mambular,train,0.7737275112745954,0.6973632939342772,0.7095116207718161,0.497483258798454,332.12,
363691,online_shoppers_intention,grande,binario,mambular,test,,,,,0.48,SimpleImputer does not support data with dtype bool. Please provide either a numeric array (with a floating point or integer dtype) or categorical data represented either as an array with integer dtype or an array of string values with an object dtype.
